LocationID,Borough,Zone,service_zone,latitude,longitude,Lat_Long,latitude_dbl,longitude_dbl
1,EWR,Newark Airport,EWR,40.691831206401325,-74.17400027276304,40.691831206401325 -74.17400027276304,40.691831206401325,-74.17400027276304
2,Queens,Jamaica Bay,Boro Zone,40.61674529165965,-73.83129854302213,40.61674529165965 -73.83129854302213,40.61674529165965,-73.83129854302213
3,Bronx,Allerton/Pelham Gardens,Boro Zone,40.86447368477527,-73.84742223236718,40.86447368477527 -73.84742223236718,40.86447368477527,-73.84742223236718
4,Manhattan,Alphabet City,Yellow Zone,40.72375214158459,-73.97696825691759,40.72375214158459 -73.97696825691759,40.72375214158459,-73.97696825691759
5,Staten Island,Arden Heights,Boro Zone,40.55265928694546,-74.18848410184935,40.55265928694546 -74.18848410184935,40.55265928694546,-74.18848410184935
6,Staten Island,Arrochar/Fort Wadsworth,Boro Zone,40.600324146034424,-74.07177055895134,40.600324146034424 -74.07177055895134,40.600324146034424,-74.07177055895134
7,Queens,Astoria,Boro Zone,40.7614925621636,-73.91969431946075,40.7614925621636 -73.91969431946075,40.7614925621636,-73.91969431946075
8,Queens,Astoria Park,Boro Zone,40.778558653750515,-73.9230861575075,40.778558653750515 -73.9230861575075,40.778558653750515,-73.9230861575075
9,Queens,Auburndale,Boro Zone,40.75103502557218,-73.7879488777789,40.75103502557218 -73.7879488777789,40.75103502557218,-73.7879488777789
10,Queens,Baisley Park,Boro Zone,40.678953310115105,-73.79098635986959,40.678953310115105 -73.79098635986959,40.678953310115105,-73.79098635986959
11,Brooklyn,Bath Beach,Boro Zone,40.60427284003062,-74.00748815801177,40.60427284003062 -74.00748815801177,40.60427284003062,-74.00748815801177
12,Manhattan,Battery Park,Yellow Zone,40.70294583498452,-74.01556351255894,40.70294583498452 -74.01556351255894,40.70294583498452,-74.01556351255894
13,Manhattan,Battery Park City,Yellow Zone,40.71203815707432,-74.01607915192938,40.71203815707432 -74.01607915192938,40.71203815707432,-74.01607915192938
14,Brooklyn,Bay Ridge,Boro Zone,40.62483492360799,-74.02989237418787,40.62483492360799 -74.02989237418787,40.62483492360799,-74.02989237418787
15,Queens,Bay Terrace/Fort Totten,Boro Zone,40.783333047260825,-73.78597227877704,40.783333047260825 -73.78597227877704,40.783333047260825,-73.78597227877704
16,Queens,Bayside,Boro Zone,40.762738375442225,-73.77342181890143,40.762738375442225 -73.77342181890143,40.762738375442225,-73.77342181890143
17,Brooklyn,Bedford,Boro Zone,40.69150749488049,-73.9499050350751,40.69150749488049 -73.9499050350751,40.69150749488049,-73.9499050350751
18,Bronx,Bedford Park,Boro Zone,40.86768245607527,-73.89018328872038,40.86768245607527 -73.89018328872038,40.86768245607527,-73.89018328872038
19,Queens,Bellerose,Boro Zone,40.73548677976318,-73.72665537528698,40.73548677976318 -73.72665537528698,40.73548677976318,-73.72665537528698
20,Bronx,Belmont,Boro Zone,40.85777967544136,-73.88586748106964,40.85777967544136 -73.88586748106964,40.85777967544136,-73.88586748106964
21,Brooklyn,Bensonhurst East,Boro Zone,40.60142943983495,-73.98353709672229,40.60142943983495 -73.98353709672229,40.60142943983495,-73.98353709672229
22,Brooklyn,Bensonhurst West,Boro Zone,40.61221825780545,-73.99525857986232,40.61221825780545 -73.99525857986232,40.61221825780545,-73.99525857986232
23,Staten Island,Bloomfield/Emerson Hill,Boro Zone,40.60644770102735,-74.17088688155253,40.60644770102735 -74.17088688155253,40.60644770102735,-74.17088688155253
24,Manhattan,Bloomingdale,Yellow Zone,40.801970493899425,-73.96547951516966,40.801970493899425 -73.96547951516966,40.801970493899425,-73.96547951516966
25,Brooklyn,Boerum Hill,Boro Zone,40.68563374132041,-73.98611382213656,40.68563374132041 -73.98611382213656,40.68563374132041,-73.98611382213656
26,Brooklyn,Borough Park,Boro Zone,40.63094965524526,-73.98866123078287,40.63094965524526 -73.98866123078287,40.63094965524526,-73.98866123078287
27,Queens,Breezy Point/Fort Tilden/Riis Beach,Boro Zone,40.5591332794673,-73.90690832237571,40.5591332794673 -73.90690832237571,40.5591332794673,-73.90690832237571
28,Queens,Briarwood/Jamaica Hills,Boro Zone,40.71159635794484,-73.80872901637508,40.71159635794484 -73.80872901637508,40.71159635794484,-73.80872901637508
29,Brooklyn,Brighton Beach,Boro Zone,40.580921971933584,-73.96121676866845,40.580921971933584 -73.96121676866845,40.580921971933584,-73.96121676866845
30,Queens,Broad Channel,Boro Zone,40.603687442135325,-73.82192695679392,40.603687442135325 -73.82192695679392,40.603687442135325,-73.82192695679392
31,Bronx,Bronx Park,Boro Zone,40.85774668091573,-73.87547595053037,40.85774668091573 -73.87547595053037,40.85774668091573,-73.87547595053037
32,Bronx,Bronxdale,Boro Zone,40.86400220602343,-73.86490099876723,40.86400220602343 -73.86490099876723,40.86400220602343,-73.86490099876723
33,Brooklyn,Brooklyn Heights,Boro Zone,40.695798221211106,-73.99525011996629,40.695798221211106 -73.99525011996629,40.695798221211106,-73.99525011996629
34,Brooklyn,Brooklyn Navy Yard,Boro Zone,40.70085573851691,-73.9711886923304,40.70085573851691 -73.9711886923304,40.70085573851691,-73.9711886923304
35,Brooklyn,Brownsville,Boro Zone,40.664003117925766,-73.91025783136135,40.664003117925766 -73.91025783136135,40.664003117925766,-73.91025783136135
36,Brooklyn,Bushwick North,Boro Zone,40.700522199519,-73.91771053131578,40.700522199519 -73.91771053131578,40.700522199519,-73.91771053131578
37,Brooklyn,Bushwick South,Boro Zone,40.69499431844193,-73.92224002165723,40.69499431844193 -73.92224002165723,40.69499431844193,-73.92224002165723
38,Queens,Cambria Heights,Boro Zone,40.69434146723156,-73.73555427058828,40.69434146723156 -73.73555427058828,40.69434146723156,-73.73555427058828
39,Brooklyn,Canarsie,Boro Zone,40.63803713911687,-73.89973495669392,40.63803713911687 -73.89973495669392,40.63803713911687,-73.89973495669392
40,Brooklyn,Carroll Gardens,Boro Zone,40.6791990140969,-73.99595619089156,40.6791990140969 -73.99595619089156,40.6791990140969,-73.99595619089156
41,Manhattan,Central Harlem,Boro Zone,40.80433394979442,-73.95129200243512,40.80433394979442 -73.95129200243512,40.80433394979442,-73.95129200243512
42,Manhattan,Central Harlem North,Boro Zone,40.818257861119044,-73.94077166756259,40.818257861119044 -73.94077166756259,40.818257861119044,-73.94077166756259
43,Manhattan,Central Park,Yellow Zone,40.78247809974769,-73.96555356545908,40.78247809974769 -73.96555356545908,40.78247809974769,-73.96555356545908
44,Staten Island,Charleston/Tottenville,Boro Zone,40.525494581763574,-74.23353354937646,40.525494581763574 -74.23353354937646,40.525494581763574,-74.23353354937646
45,Manhattan,Chinatown,Yellow Zone,40.71245931177932,-73.99815149899052,40.71245931177932 -73.99815149899052,40.71245931177932,-73.99815149899052
46,Bronx,City Island,Boro Zone,40.849085943139485,-73.7819871461321,40.849085943139485 -73.7819871461321,40.849085943139485,-73.7819871461321
47,Bronx,Claremont/Bathgate,Boro Zone,40.842749176097854,-73.90031590586496,40.842749176097854 -73.90031590586496,40.842749176097854,-73.90031590586496
48,Manhattan,Clinton East,Yellow Zone,40.76225275531919,-73.989844643133,40.76225275531919 -73.989844643133,40.76225275531919,-73.989844643133
49,Brooklyn,Clinton Hill,Boro Zone,40.687967457147245,-73.96236353818352,40.687967457147245 -73.96236353818352,40.687967457147245,-73.96236353818352
50,Manhattan,Clinton West,Yellow Zone,40.766237725041655,-73.9951352207551,40.766237725041655 -73.9951352207551,40.766237725041655,-73.9951352207551
51,Bronx,Co-Op City,Boro Zone,40.873973054920086,-73.82826367307182,40.873973054920086 -73.82826367307182,40.873973054920086,-73.82826367307182
52,Brooklyn,Cobble Hill,Boro Zone,40.68665124165588,-73.99672403175194,40.68665124165588 -73.99672403175194,40.68665124165588,-73.99672403175194
53,Queens,College Point,Boro Zone,40.780912355790896,-73.8428134954317,40.780912355790896 -73.8428134954317,40.780912355790896,-73.8428134954317
54,Brooklyn,Columbia Street,Boro Zone,40.68720074733706,-74.00291127745277,40.68720074733706 -74.00291127745277,40.68720074733706,-74.00291127745277
55,Brooklyn,Coney Island,Boro Zone,40.576960753637564,-73.98794343407188,40.576960753637564 -73.98794343407188,40.576960753637564,-73.98794343407188
56,Queens,Corona,Boro Zone,40.74140677482956,-73.85884524944,40.74140677482956 -73.85884524944,40.74140677482956,-73.85884524944
57,Queens,Corona,Boro Zone,40.751819366999264,-73.85358156034263,40.751819366999264 -73.85358156034263,40.751819366999264,-73.85358156034263
58,Bronx,Country Club,Boro Zone,40.84145210068231,-73.82039319252782,40.84145210068231 -73.82039319252782,40.84145210068231,-73.82039319252782
59,Bronx,Crotona Park,Boro Zone,40.83855028852771,-73.89498588493974,40.83855028852771 -73.89498588493974,40.83855028852771,-73.89498588493974
60,Bronx,Crotona Park East,Boro Zone,40.83399047727372,-73.88590003419164,40.83399047727372 -73.88590003419164,40.83399047727372,-73.88590003419164
61,Brooklyn,Crown Heights North,Boro Zone,40.67446941826625,-73.93928705867955,40.67446941826625 -73.93928705867955,40.67446941826625,-73.93928705867955
62,Brooklyn,Crown Heights South,Boro Zone,40.666540405785405,-73.94878853931498,40.666540405785405 -73.94878853931498,40.666540405785405,-73.94878853931498
63,Brooklyn,Cypress Hills,Boro Zone,40.68383976195084,-73.87817261050249,40.68383976195084 -73.87817261050249,40.68383976195084,-73.87817261050249
64,Queens,Douglaston,Boro Zone,40.76061560532138,-73.7393371499285,40.76061560532138 -73.7393371499285,40.76061560532138,-73.7393371499285
65,Brooklyn,Downtown Brooklyn/MetroTech,Boro Zone,40.695337529460986,-73.98608600498395,40.695337529460986 -73.98608600498395,40.695337529460986,-73.98608600498395
66,Brooklyn,DUMBO/Vinegar Hill,Boro Zone,40.7022589388223,-73.98570161582278,40.7022589388223 -73.98570161582278,40.7022589388223,-73.98570161582278
67,Brooklyn,Dyker Heights,Boro Zone,40.619619467834944,-74.01380148744013,40.619619467834944 -74.01380148744013,40.619619467834944,-74.01380148744013
68,Manhattan,East Chelsea,Yellow Zone,40.74842755506554,-73.99991742024714,40.74842755506554 -73.99991742024714,40.74842755506554,-73.99991742024714
69,Bronx,East Concourse/Concourse Village,Boro Zone,40.83141669708498,-73.91502929553266,40.83141669708498 -73.91502929553266,40.83141669708498,-73.91502929553266
70,Queens,East Elmhurst,Boro Zone,40.763352201132975,-73.86839559842015,40.763352201132975 -73.86839559842015,40.763352201132975,-73.86839559842015
71,Brooklyn,East Flatbush/Farragut,Boro Zone,40.64428817438895,-73.93796627061685,40.64428817438895 -73.93796627061685,40.64428817438895,-73.93796627061685
72,Brooklyn,East Flatbush/Remsen Village,Boro Zone,40.65236480407718,-73.92225097400487,40.65236480407718 -73.92225097400487,40.65236480407718,-73.92225097400487
73,Queens,East Flushing,Boro Zone,40.75410888689277,-73.80729418212232,40.75410888689277 -73.80729418212232,40.75410888689277,-73.80729418212232
74,Manhattan,East Harlem North,Boro Zone,40.80116948058628,-73.93734560812489,40.80116948058628 -73.93734560812489,40.80116948058628,-73.93734560812489
75,Manhattan,East Harlem South,Boro Zone,40.7900107514952,-73.94575026755157,40.7900107514952 -73.94575026755157,40.7900107514952,-73.94575026755157
76,Brooklyn,East New York,Boro Zone,40.660935196550405,-73.87682061127202,40.660935196550405 -73.87682061127202,40.660935196550405,-73.87682061127202
77,Brooklyn,East New York/Pennsylvania Avenue,Boro Zone,40.66655893903507,-73.89536411750329,40.66655893903507 -73.89536411750329,40.66655893903507,-73.89536411750329
78,Bronx,East Tremont,Boro Zone,40.84496041014594,-73.88552181587433,40.84496041014594 -73.88552181587433,40.84496041014594,-73.88552181587433
79,Manhattan,East Village,Yellow Zone,40.72762019590936,-73.98593745682464,40.72762019590936 -73.98593745682464,40.72762019590936,-73.98593745682464
80,Brooklyn,East Williamsburg,Boro Zone,40.715369882143314,-73.93679314491878,40.715369882143314 -73.93679314491878,40.715369882143314,-73.93679314491878
81,Bronx,Eastchester,Boro Zone,40.88093541148925,-73.83664334408299,40.88093541148925 -73.83664334408299,40.88093541148925,-73.83664334408299
82,Queens,Elmhurst,Boro Zone,40.73949564677802,-73.87711833280919,40.73949564677802 -73.87711833280919,40.73949564677802,-73.87711833280919
83,Queens,Elmhurst/Maspeth,Boro Zone,40.73832381382578,-73.89217338112863,40.73832381382578 -73.89217338112863,40.73832381382578,-73.89217338112863
84,Staten Island,Eltingville/Annadale/Prince's Bay,Boro Zone,40.52868644656603,-74.18767433468827,40.52868644656603 -74.18767433468827,40.52868644656603,-74.18767433468827
85,Brooklyn,Erasmus,Boro Zone,40.64611634689489,-73.95162318261008,40.64611634689489 -73.95162318261008,40.64611634689489,-73.95162318261008
86,Queens,Far Rockaway,Boro Zone,40.60243279341622,-73.75524369679556,40.60243279341622 -73.75524369679556,40.60243279341622,-73.75524369679556
87,Manhattan,Financial District North,Yellow Zone,40.706808451665665,-74.00749598562426,40.706808451665665 -74.00749598562426,40.706808451665665,-74.00749598562426
88,Manhattan,Financial District South,Yellow Zone,40.703357903235975,-74.01151502922316,40.703357903235975 -74.01151502922316,40.703357903235975,-74.01151502922316
89,Brooklyn,Flatbush/Ditmas Park,Boro Zone,40.637900123473564,-73.96096824906373,40.637900123473564 -73.96096824906373,40.637900123473564,-73.96096824906373
90,Manhattan,Flatiron,Yellow Zone,40.74227862901209,-73.99697141558367,40.74227862901209 -73.99697141558367,40.74227862901209,-73.99697141558367
91,Brooklyn,Flatlands,Boro Zone,40.626272763336225,-73.93009701219937,40.626272763336225 -73.93009701219937,40.626272763336225,-73.93009701219937
92,Queens,Flushing,Boro Zone,40.761102189834205,-73.82885869884264,40.761102189834205 -73.82885869884264,40.761102189834205,-73.82885869884264
93,Queens,Flushing Meadows-Corona Park,Boro Zone,40.740675872160516,-73.84086726234158,40.740675872160516 -73.84086726234158,40.740675872160516,-73.84086726234158
94,Bronx,Fordham South,Boro Zone,40.85815519618384,-73.89953593442144,40.85815519618384 -73.89953593442144,40.85815519618384,-73.89953593442144
95,Queens,Forest Hills,Boro Zone,40.721432275021115,-73.84766941187522,40.721432275021115 -73.84766941187522,40.721432275021115,-73.84766941187522
96,Queens,Forest Park/Highland Park,Boro Zone,40.697000613100926,-73.87155842518146,40.697000613100926 -73.87155842518146,40.697000613100926,-73.87155842518146
97,Brooklyn,Fort Greene,Boro Zone,40.69078679421068,-73.97488208618893,40.69078679421068 -73.97488208618893,40.69078679421068,-73.97488208618893
98,Queens,Fresh Meadows,Boro Zone,40.73446262820073,-73.77725346665986,40.73446262820073 -73.77725346665986,40.73446262820073,-73.77725346665986
99,Staten Island,Freshkills Park,Boro Zone,40.576773635486845,-74.18641851305911,40.576773635486845 -74.18641851305911,40.576773635486845,-74.18641851305911
100,Manhattan,Garment District,Yellow Zone,40.75351275872555,-73.98878659911529,40.75351275872555 -73.98878659911529,40.75351275872555,-73.98878659911529
101,Queens,Glen Oaks,Boro Zone,40.74599381838399,-73.71102598691229,40.74599381838399 -73.71102598691229,40.74599381838399,-73.71102598691229
102,Queens,Glendale,Boro Zone,40.70354561076272,-73.87573576709777,40.70354561076272 -73.87573576709777,40.70354561076272,-73.87573576709777
103,Manhattan,Governor's Island/Ellis Island/Liberty Island,Yellow Zone,40.689860103659996,-74.04528829364004,40.689860103659996 -74.04528829364004,40.689860103659996,-74.04528829364004
104,Manhattan,Governor's Island/Ellis Island/Liberty Island,Yellow Zone,40.69876867362594,-74.04077076873651,40.69876867362594 -74.04077076873651,40.69876867362594,-74.04077076873651
105,Manhattan,Governor's Island/Ellis Island/Liberty Island,Yellow Zone,40.68878423861278,-74.01907272636822,40.68878423861278 -74.01907272636822,40.68878423861278,-74.01907272636822
106,Brooklyn,Gowanus,Boro Zone,40.67351279686057,-73.99064727363117,40.67351279686057 -73.99064727363117,40.67351279686057,-73.99064727363117
107,Manhattan,Gramercy,Yellow Zone,40.73682405761877,-73.98405213268907,40.73682405761877 -73.98405213268907,40.73682405761877,-73.98405213268907
108,Brooklyn,Gravesend,Boro Zone,40.58840346529011,-73.98143115020042,40.58840346529011 -73.98143115020042,40.58840346529011,-73.98143115020042
109,Staten Island,Great Kills,Boro Zone,40.551862998076885,-74.15088980760541,40.551862998076885 -74.15088980760541,40.551862998076885,-74.15088980760541
110,Staten Island,Great Kills Park,Boro Zone,40.545780316595426,-74.12834244237264,40.545780316595426 -74.12834244237264,40.545780316595426,-74.12834244237264
111,Brooklyn,Green-Wood Cemetery,Boro Zone,40.65213727041885,-73.99023450433015,40.65213727041885 -73.99023450433015,40.65213727041885,-73.99023450433015
112,Brooklyn,Greenpoint,Boro Zone,40.72950628420856,-73.94954030482191,40.72950628420856 -73.94954030482191,40.72950628420856,-73.94954030482191
113,Manhattan,Greenwich Village North,Yellow Zone,40.73257907302683,-73.99430477051166,40.73257907302683 -73.99430477051166,40.73257907302683,-73.99430477051166
114,Manhattan,Greenwich Village South,Yellow Zone,40.7283403913721,-73.9973802602004,40.7283403913721 -73.9973802602004,40.7283403913721,-73.9973802602004
115,Staten Island,Grymes Hill/Clifton,Boro Zone,40.61797137588905,-74.08783880974954,40.61797137588905 -74.08783880974954,40.61797137588905,-74.08783880974954
116,Manhattan,Hamilton Heights,Boro Zone,40.82701265492519,-73.94852173020882,40.82701265492519 -73.94852173020882,40.82701265492519,-73.94852173020882
117,Queens,Hammels/Arverne,Boro Zone,40.59405875281388,-73.78962208250094,40.59405875281388 -73.78962208250094,40.59405875281388,-73.78962208250094
118,Staten Island,Heartland Village/Todt Hill,Boro Zone,40.58655462662609,-74.13297872511694,40.58655462662609 -74.13297872511694,40.58655462662609,-74.13297872511694
119,Bronx,Highbridge,Boro Zone,40.837826991698684,-73.92615723620794,40.837826991698684 -73.92615723620794,40.837826991698684,-73.92615723620794
120,Manhattan,Highbridge Park,Boro Zone,40.846667748302565,-73.93018219742828,40.846667748302565 -73.93018219742828,40.846667748302565,-73.93018219742828
121,Queens,Hillcrest/Pomonok,Boro Zone,40.72833332297287,-73.80244428186217,40.72833332297287 -73.80244428186217,40.72833332297287,-73.80244428186217
122,Queens,Hollis,Boro Zone,40.71063928425083,-73.76113699730597,40.71063928425083 -73.76113699730597,40.71063928425083,-73.76113699730597
123,Brooklyn,Homecrest,Boro Zone,40.59995429251373,-73.96433367133908,40.59995429251373 -73.96433367133908,40.59995429251373,-73.96433367133908
124,Queens,Howard Beach,Boro Zone,40.658247961230416,-73.84491858438561,40.658247961230416 -73.84491858438561,40.658247961230416,-73.84491858438561
125,Manhattan,Hudson Sq,Yellow Zone,40.726290410281024,-74.00748581800949,40.726290410281024 -74.00748581800949,40.726290410281024,-74.00748581800949
126,Bronx,Hunts Point,Boro Zone,40.81207445859184,-73.88553752149424,40.81207445859184 -73.88553752149424,40.81207445859184,-73.88553752149424
127,Manhattan,Inwood,Boro Zone,40.8660750007276,-73.91930823586206,40.8660750007276 -73.91930823586206,40.8660750007276,-73.91930823586206
128,Manhattan,Inwood Hill Park,Boro Zone,40.872378809573455,-73.9243698171611,40.872378809573455 -73.9243698171611,40.872378809573455,-73.9243698171611
129,Queens,Jackson Heights,Boro Zone,40.75731206303897,-73.88531724061079,40.75731206303897 -73.88531724061079,40.75731206303897,-73.88531724061079
130,Queens,Jamaica,Boro Zone,40.70436877745487,-73.79397965822716,40.70436877745487 -73.79397965822716,40.70436877745487,-73.79397965822716
131,Queens,Jamaica Estates,Boro Zone,40.72065523874934,-73.77610076139925,40.72065523874934 -73.77610076139925,40.72065523874934,-73.77610076139925
132,Queens,JFK Airport,Airports,40.646984892394926,-73.78653298335011,40.646984892394926 -73.78653298335011,40.646984892394926,-73.78653298335011
133,Brooklyn,Kensington,Boro Zone,40.64059007067433,-73.97619898951332,40.64059007067433 -73.97619898951332,40.64059007067433,-73.97619898951332
134,Queens,Kew Gardens,Boro Zone,40.70805099798782,-73.82871246597533,40.70805099798782 -73.82871246597533,40.70805099798782,-73.82871246597533
135,Queens,Kew Gardens Hills,Boro Zone,40.7283776832571,-73.82119590387471,40.7283776832571 -73.82119590387471,40.7283776832571,-73.82119590387471
136,Bronx,Kingsbridge Heights,Boro Zone,40.865264191524695,-73.90591118270507,40.865264191524695 -73.90591118270507,40.865264191524695,-73.90591118270507
137,Manhattan,Kips Bay,Yellow Zone,40.740438978596224,-73.97649472376759,40.740438978596224 -73.97649472376759,40.740438978596224,-73.97649472376759
138,Queens,LaGuardia Airport,Airports,40.77437570593228,-73.873628642891,40.77437570593228 -73.873628642891,40.77437570593228,-73.873628642891
139,Queens,Laurelton,Boro Zone,40.677097797908836,-73.74423435166719,40.677097797908836 -73.74423435166719,40.677097797908836,-73.74423435166719
140,Manhattan,Lenox Hill East,Yellow Zone,40.765484087889696,-73.95473878380506,40.765484087889696 -73.95473878380506,40.765484087889696,-73.95473878380506
141,Manhattan,Lenox Hill West,Yellow Zone,40.76694821638301,-73.95963474149173,40.76694821638301 -73.95963474149173,40.76694821638301,-73.95963474149173
142,Manhattan,Lincoln Square East,Yellow Zone,40.77363329302687,-73.98153220639178,40.77363329302687 -73.98153220639178,40.77363329302687,-73.98153220639178
143,Manhattan,Lincoln Square West,Yellow Zone,40.77596522876084,-73.98764554944395,40.77596522876084 -73.98764554944395,40.77596522876084,-73.98764554944395
144,Manhattan,Little Italy/NoLiTa,Yellow Zone,40.72088889344507,-73.99691854183824,40.72088889344507 -73.99691854183824,40.72088889344507,-73.99691854183824
145,Queens,Long Island City/Hunters Point,Boro Zone,40.74537943399828,-73.94889145447944,40.74537943399828 -73.94889145447944,40.74537943399828,-73.94889145447944
146,Queens,Long Island City/Queens Plaza,Boro Zone,40.75424252050013,-73.93482888929141,40.75424252050013 -73.93482888929141,40.75424252050013,-73.93482888929141
147,Bronx,Longwood,Boro Zone,40.81967597930474,-73.89895638182651,40.81967597930474 -73.89895638182651,40.81967597930474,-73.89895638182651
148,Manhattan,Lower East Side,Yellow Zone,40.718938359380054,-73.99089626184728,40.718938359380054 -73.99089626184728,40.718938359380054,-73.99089626184728
149,Brooklyn,Madison,Boro Zone,40.60491359556358,-73.94813559494119,40.60491359556358 -73.94813559494119,40.60491359556358,-73.94813559494119
150,Brooklyn,Manhattan Beach,Boro Zone,40.58047327426191,-73.94362872180557,40.58047327426191 -73.94362872180557,40.58047327426191,-73.94362872180557
151,Manhattan,Manhattan Valley,Yellow Zone,40.79796199309987,-73.9681683330924,40.79796199309987 -73.9681683330924,40.79796199309987,-73.9681683330924
152,Manhattan,Manhattanville,Boro Zone,40.81797514762929,-73.95378223705627,40.81797514762929 -73.95378223705627,40.81797514762929,-73.95378223705627
153,Manhattan,Marble Hill,Boro Zone,40.87596780221223,-73.91037866410585,40.87596780221223 -73.91037866410585,40.87596780221223,-73.91037866410585
154,Brooklyn,Marine Park/Floyd Bennett Field,Boro Zone,40.59357083658499,-73.90259658693091,40.59357083658499 -73.90259658693091,40.59357083658499,-73.90259658693091
155,Brooklyn,Marine Park/Mill Basin,Boro Zone,40.61459098927554,-73.91527709386853,40.61459098927554 -73.91527709386853,40.61459098927554,-73.91527709386853
156,Staten Island,Mariners Harbor,Boro Zone,40.63130769285282,-74.16723534170713,40.63130769285282 -74.16723534170713,40.63130769285282,-74.16723534170713
157,Queens,Maspeth,Boro Zone,40.72399507493344,-73.90232968131365,40.72399507493344 -73.90232968131365,40.72399507493344,-73.90232968131365
158,Manhattan,Meatpacking/West Village West,Yellow Zone,40.73503540069646,-74.0089841047852,40.73503540069646 -74.0089841047852,40.73503540069646,-74.0089841047852
159,Bronx,Melrose South,Boro Zone,40.81825974768964,-73.91284939799151,40.81825974768964 -73.91284939799151,40.81825974768964,-73.91284939799151
160,Queens,Middle Village,Boro Zone,40.71833677001358,-73.88005140814955,40.71833677001358 -73.88005140814955,40.71833677001358,-73.88005140814955
161,Manhattan,Midtown Center,Yellow Zone,40.758028043526075,-73.97769793122406,40.758028043526075 -73.97769793122406,40.758028043526075,-73.97769793122406
162,Manhattan,Midtown East,Yellow Zone,40.75668765218863,-73.97235594352028,40.75668765218863 -73.97235594352028,40.75668765218863,-73.97235594352028
163,Manhattan,Midtown North,Yellow Zone,40.76442140578658,-73.97756868222716,40.76442140578658 -73.97756868222716,40.76442140578658,-73.97756868222716
164,Manhattan,Midtown South,Yellow Zone,40.748574629356526,-73.98515639467685,40.748574629356526 -73.98515639467685,40.748574629356526,-73.98515639467685
165,Brooklyn,Midwood,Boro Zone,40.62092404874607,-73.95682460583807,40.62092404874607 -73.95682460583807,40.62092404874607,-73.95682460583807
166,Manhattan,Morningside Heights,Boro Zone,40.809456961125086,-73.96176359682927,40.809456961125086 -73.96176359682927,40.809456961125086,-73.96176359682927
167,Bronx,Morrisania/Melrose,Boro Zone,40.82751255686385,-73.90235177500072,40.82751255686385 -73.90235177500072,40.82751255686385,-73.90235177500072
168,Bronx,Mott Haven/Port Morris,Boro Zone,40.80734716766511,-73.91682193806467,40.80734716766511 -73.91682193806467,40.80734716766511,-73.91682193806467
169,Bronx,Mount Hope,Boro Zone,40.84905837739107,-73.90512221938538,40.84905837739107 -73.90512221938538,40.84905837739107,-73.90512221938538
170,Manhattan,Murray Hill,Yellow Zone,40.74774579364371,-73.97849159965226,40.74774579364371 -73.97849159965226,40.74774579364371,-73.97849159965226
171,Queens,Murray Hill-Queens,Boro Zone,40.768351626308295,-73.80954582099437,40.768351626308295 -73.80954582099437,40.768351626308295,-73.80954582099437
172,Staten Island,New Dorp/Midland Beach,Boro Zone,40.57176889293241,-74.10501900721485,40.57176889293241 -74.10501900721485,40.57176889293241,-74.10501900721485
173,Queens,North Corona,Boro Zone,40.75257923914942,-73.86303754486687,40.75257923914942 -73.86303754486687,40.75257923914942,-73.86303754486687
174,Bronx,Norwood,Boro Zone,40.87713760287637,-73.87902225226013,40.87713760287637 -73.87902225226013,40.87713760287637,-73.87902225226013
175,Queens,Oakland Gardens,Boro Zone,40.74267210348254,-73.75462173612384,40.74267210348254 -73.75462173612384,40.74267210348254,-73.75462173612384
176,Staten Island,Oakwood,Boro Zone,40.56199423458391,-74.12258402976964,40.56199423458391 -74.12258402976964,40.56199423458391,-74.12258402976964
177,Brooklyn,Ocean Hill,Boro Zone,40.676644101039976,-73.91363213611346,40.676644101039976 -73.91363213611346,40.676644101039976,-73.91363213611346
178,Brooklyn,Ocean Parkway South,Boro Zone,40.617314937151505,-73.970325801283,40.617314937151505 -73.970325801283,40.617314937151505,-73.970325801283
179,Queens,Old Astoria,Boro Zone,40.771570243583206,-73.92833318686118,40.771570243583206 -73.92833318686118,40.771570243583206,-73.92833318686118
180,Queens,Ozone Park,Boro Zone,40.675594990706514,-73.847043172694,40.675594990706514 -73.847043172694,40.675594990706514,-73.847043172694
181,Brooklyn,Park Slope,Boro Zone,40.670374325917,-73.98141374048741,40.670374325917 -73.98141374048741,40.670374325917,-73.98141374048741
182,Bronx,Parkchester,Boro Zone,40.83774866435335,-73.85798694048576,40.83774866435335 -73.85798694048576,40.83774866435335,-73.85798694048576
183,Bronx,Pelham Bay,Boro Zone,40.84917261718242,-73.83158179959668,40.84917261718242 -73.83158179959668,40.84917261718242,-73.83158179959668
184,Bronx,Pelham Bay Park,Boro Zone,40.86827620354752,-73.8078572663127,40.86827620354752 -73.8078572663127,40.86827620354752,-73.8078572663127
185,Bronx,Pelham Parkway,Boro Zone,40.85440471268903,-73.85439380221172,40.85440471268903 -73.85439380221172,40.85440471268903,-73.85439380221172
186,Manhattan,Penn Station/Madison Sq West,Yellow Zone,40.74849718140483,-73.9924375369761,40.74849718140483 -73.9924375369761,40.74849718140483,-73.9924375369761
187,Staten Island,Port Richmond,Boro Zone,40.628166874571775,-74.14078750231758,40.628166874571775 -74.14078750231758,40.628166874571775,-74.14078750231758
188,Brooklyn,Prospect-Lefferts Gardens,Boro Zone,40.65874445085652,-73.9474416450047,40.65874445085652 -73.9474416450047,40.65874445085652,-73.9474416450047
189,Brooklyn,Prospect Heights,Boro Zone,40.67763538934709,-73.9675868122295,40.67763538934709 -73.9675868122295,40.67763538934709,-73.9675868122295
190,Brooklyn,Prospect Park,Boro Zone,40.66162215835666,-73.96891374270629,40.66162215835666 -73.96891374270629,40.66162215835666,-73.96891374270629
191,Queens,Queens Village,Boro Zone,40.715454515305,-73.74153176997538,40.715454515305 -73.74153176997538,40.715454515305,-73.74153176997538
192,Queens,Queensboro Hill,Boro Zone,40.74375148543135,-73.81522935845771,40.74375148543135 -73.81522935845771,40.74375148543135,-73.81522935845771
193,Queens,Queensbridge/Ravenswood,Boro Zone,40.760313635026776,-73.9419970581842,40.760313635026776 -73.9419970581842,40.760313635026776,-73.9419970581842
194,Manhattan,Randalls Island,Yellow Zone,40.79100078171111,-73.92459630024571,40.79100078171111 -73.92459630024571,40.79100078171111,-73.92459630024571
195,Brooklyn,Red Hook,Boro Zone,40.675548862280735,-74.00917849113307,40.675548862280735 -74.00917849113307,40.675548862280735,-74.00917849113307
196,Queens,Rego Park,Boro Zone,40.72615563957904,-73.86333855806281,40.72615563957904 -73.86333855806281,40.72615563957904,-73.86333855806281
197,Queens,Richmond Hill,Boro Zone,40.69454235438108,-73.83092407449996,40.69454235438108 -73.83092407449996,40.69454235438108,-73.83092407449996
198,Queens,Ridgewood,Boro Zone,40.70652679441934,-73.9017092644472,40.70652679441934 -73.9017092644472,40.70652679441934,-73.9017092644472
199,Bronx,Rikers Island,Boro Zone,40.791132903077305,-73.882658247006,40.791132903077305 -73.882658247006,40.791132903077305,-73.882658247006
200,Bronx,Riverdale/North Riverdale/Fieldston,Boro Zone,40.899529064376274,-73.90698710771422,40.899529064376274 -73.90698710771422,40.899529064376274,-73.90698710771422
201,Queens,Rockaway Park,Boro Zone,40.57798249377494,-73.84345281477816,40.57798249377494 -73.84345281477816,40.57798249377494,-73.84345281477816
202,Manhattan,Roosevelt Island,Boro Zone,40.76189974995488,-73.94995171169585,40.76189974995488 -73.94995171169585,40.76189974995488,-73.94995171169585
203,Queens,Rosedale,Boro Zone,40.65785341801916,-73.73947255987301,40.65785341801916 -73.73947255987301,40.65785341801916,-73.73947255987301
204,Staten Island,Rossville/Woodrow,Boro Zone,40.54033400529595,-74.20782608356569,40.54033400529595 -74.20782608356569,40.54033400529595,-74.20782608356569
205,Queens,Saint Albans,Boro Zone,40.69120144680595,-73.76314612543847,40.69120144680595 -73.76314612543847,40.69120144680595,-73.76314612543847
206,Staten Island,Saint George/New Brighton,Boro Zone,40.638972205166354,-74.10231250352751,40.638972205166354 -74.10231250352751,40.638972205166354,-74.10231250352751
207,Queens,Saint Michaels Cemetery/Woodside,Boro Zone,40.76398558883035,-73.89935256434538,40.76398558883035 -73.89935256434538,40.76398558883035,-73.89935256434538
208,Bronx,Schuylerville/Edgewater Park,Boro Zone,40.82331858387733,-73.82354011891931,40.82331858387733 -73.82354011891931,40.82331858387733,-73.82354011891931
209,Manhattan,Seaport,Yellow Zone,40.70907274279292,-74.00366456329898,40.70907274279292 -74.00366456329898,40.70907274279292,-74.00366456329898
210,Brooklyn,Sheepshead Bay,Boro Zone,40.59202346436411,-73.94050716694059,40.59202346436411 -73.94050716694059,40.59202346436411,-73.94050716694059
211,Manhattan,SoHo,Yellow Zone,40.72388811004153,-74.00153756565634,40.72388811004153 -74.00153756565634,40.72388811004153,-74.00153756565634
212,Bronx,Soundview/Bruckner,Boro Zone,40.82790214858725,-73.86967965711686,40.82790214858725 -73.86967965711686,40.82790214858725,-73.86967965711686
213,Bronx,Soundview/Castle Hill,Boro Zone,40.81785855770795,-73.8581349878143,40.81785855770795 -73.8581349878143,40.81785855770795,-73.8581349878143
214,Staten Island,South Beach/Dongan Hills,Boro Zone,40.58678663305175,-74.08551235826917,40.58678663305175 -74.08551235826917,40.58678663305175,-74.08551235826917
215,Queens,South Jamaica,Boro Zone,40.69442755408855,-73.79096393223055,40.69442755408855 -73.79096393223055,40.69442755408855,-73.79096393223055
216,Queens,South Ozone Park,Boro Zone,40.676154037213614,-73.81945963682764,40.676154037213614 -73.81945963682764,40.676154037213614,-73.81945963682764
217,Brooklyn,South Williamsburg,Boro Zone,40.70391644046558,-73.95859684507167,40.70391644046558 -73.95859684507167,40.70391644046558,-73.95859684507167
218,Queens,Springfield Gardens North,Boro Zone,40.67208970676713,-73.77303565610495,40.67208970676713 -73.77303565610495,40.67208970676713,-73.77303565610495
219,Queens,Springfield Gardens South,Boro Zone,40.66218488071129,-73.76450578558237,40.66218488071129 -73.76450578558237,40.66218488071129,-73.76450578558237
220,Bronx,Spuyten Duyvil/Kingsbridge,Boro Zone,40.882403113208994,-73.91066467564433,40.882403113208994 -73.91066467564433,40.882403113208994,-73.91066467564433
221,Staten Island,Stapleton,Boro Zone,40.61876927873191,-74.07370444530248,40.61876927873191 -74.07370444530248,40.61876927873191,-74.07370444530248
222,Brooklyn,Starrett City,Boro Zone,40.647527034323346,-73.88241292571809,40.647527034323346 -73.88241292571809,40.647527034323346,-73.88241292571809
223,Queens,Steinway,Boro Zone,40.777426920532584,-73.90540773409832,40.777426920532584 -73.90540773409832,40.777426920532584,-73.90540773409832
224,Manhattan,Stuy Town/Peter Cooper Village,Yellow Zone,40.73182063601661,-73.9765976732335,40.73182063601661 -73.9765976732335,40.73182063601661,-73.9765976732335
225,Brooklyn,Stuyvesant Heights,Boro Zone,40.68816818695473,-73.93188826440706,40.68816818695473 -73.93188826440706,40.68816818695473,-73.93188826440706
226,Queens,Sunnyside,Boro Zone,40.73769895644422,-73.92467306585047,40.73769895644422 -73.92467306585047,40.73769895644422,-73.92467306585047
227,Brooklyn,Sunset Park East,Boro Zone,40.641886315765014,-74.00465205914722,40.641886315765014 -74.00465205914722,40.641886315765014,-74.00465205914722
228,Brooklyn,Sunset Park West,Boro Zone,40.65235464953823,-74.01127116962877,40.65235464953823 -74.01127116962877,40.65235464953823,-74.01127116962877
229,Manhattan,Sutton Place/Turtle Bay North,Yellow Zone,40.75672894163289,-73.9651457991842,40.75672894163289 -73.9651457991842,40.75672894163289,-73.9651457991842
230,Manhattan,Times Sq/Theatre District,Yellow Zone,40.75981761719165,-73.98419648907571,40.75981761719165 -73.98419648907571,40.75981761719165,-73.98419648907571
231,Manhattan,TriBeCa/Civic Center,Yellow Zone,40.71777273626497,-74.007879708664,40.71777273626497 -74.007879708664,40.71777273626497,-74.007879708664
232,Manhattan,Two Bridges/Seward Park,Yellow Zone,40.714732506939214,-73.98302455833489,40.714732506939214 -73.98302455833489,40.714732506939214,-73.98302455833489
233,Manhattan,UN/Turtle Bay South,Yellow Zone,40.749914077901984,-73.97044256869238,40.749914077901984 -73.97044256869238,40.749914077901984,-73.97044256869238
234,Manhattan,Union Sq,Yellow Zone,40.74033744175685,-73.99045782354736,40.74033744175685 -73.99045782354736,40.74033744175685,-73.99045782354736
235,Bronx,University Heights/Morris Heights,Boro Zone,40.85252114926332,-73.91597542466444,40.85252114926332 -73.91597542466444,40.85252114926332,-73.91597542466444
236,Manhattan,Upper East Side North,Yellow Zone,40.78043643718976,-73.95701169835736,40.78043643718976 -73.95701169835736,40.78043643718976,-73.95701169835736
237,Manhattan,Upper East Side South,Yellow Zone,40.76861518381137,-73.9656345353807,40.76861518381137 -73.9656345353807,40.76861518381137,-73.9656345353807
238,Manhattan,Upper West Side North,Yellow Zone,40.79170493442689,-73.97304890061596,40.79170493442689 -73.97304890061596,40.79170493442689,-73.97304890061596
239,Manhattan,Upper West Side South,Yellow Zone,40.78396143031358,-73.97863194845078,40.78396143031358 -73.97863194845078,40.78396143031358,-73.97863194845078
240,Bronx,Van Cortlandt Park,Boro Zone,40.89459912750683,-73.88197807761948,40.89459912750683 -73.88197807761948,40.89459912750683,-73.88197807761948
241,Bronx,Van Cortlandt Village,Boro Zone,40.876512375445365,-73.89562001785484,40.876512375445365 -73.89562001785484,40.876512375445365,-73.89562001785484
242,Bronx,Van Nest/Morris Park,Boro Zone,40.84678289580965,-73.85067057708335,40.84678289580965 -73.85067057708335,40.84678289580965,-73.85067057708335
243,Manhattan,Washington Heights North,Boro Zone,40.85710828331415,-73.93283148761273,40.85710828331415 -73.93283148761273,40.85710828331415,-73.93283148761273
244,Manhattan,Washington Heights South,Boro Zone,40.841708771119585,-73.94139910573647,40.841708771119585 -73.94139910573647,40.841708771119585,-73.94139910573647
245,Staten Island,West Brighton,Boro Zone,40.630049391830475,-74.10286011016633,40.630049391830475 -74.10286011016633,40.630049391830475,-74.10286011016633
246,Manhattan,West Chelsea/Hudson Yards,Yellow Zone,40.753309065983096,-74.00401512528659,40.753309065983096 -74.00401512528659,40.753309065983096,-74.00401512528659
247,Bronx,West Concourse,Boro Zone,40.82898823048439,-73.9244087326425,40.82898823048439 -73.9244087326425,40.82898823048439,-73.9244087326425
248,Bronx,West Farms/Bronx River,Boro Zone,40.83416531682738,-73.87228927297,40.83416531682738 -73.87228927297,40.83416531682738,-73.87228927297
249,Manhattan,West Village,Yellow Zone,40.734576007331555,-74.00287495910835,40.734576007331555 -74.00287495910835,40.734576007331555,-74.00287495910835
250,Bronx,Westchester Village/Unionport,Boro Zone,40.83210165963196,-73.84864070062382,40.83210165963196 -73.84864070062382,40.83210165963196,-73.84864070062382
251,Staten Island,Westerleigh,Boro Zone,40.61688000771161,-74.12534779829353,40.61688000771161 -74.12534779829353,40.61688000771161,-74.12534779829353
252,Queens,Whitestone,Boro Zone,40.7881930167285,-73.81565681270993,40.7881930167285 -73.81565681270993,40.7881930167285,-73.81565681270993
253,Queens,Willets Point,Boro Zone,40.76063075217239,-73.84124393899134,40.76063075217239 -73.84124393899134,40.76063075217239,-73.84124393899134
254,Bronx,Williamsbridge/Olinville,Boro Zone,40.88215708304683,-73.85894823975754,40.88215708304683 -73.85894823975754,40.88215708304683,-73.85894823975754
255,Brooklyn,Williamsburg (North Side),Boro Zone,40.71880391812966,-73.95741813122189,40.71880391812966 -73.95741813122189,40.71880391812966,-73.95741813122189
256,Brooklyn,Williamsburg (South Side),Boro Zone,40.710879933377214,-73.95990462730536,40.710879933377214 -73.95990462730536,40.710879933377214,-73.95990462730536
257,Brooklyn,Windsor Terrace,Boro Zone,40.653611871336444,-73.9779824133001,40.653611871336444 -73.9779824133001,40.653611871336444,-73.9779824133001
258,Queens,Woodhaven,Boro Zone,40.688721356981084,-73.85576675985416,40.688721356981084 -73.85576675985416,40.688721356981084,-73.85576675985416
259,Bronx,Woodlawn/Wakefield,Boro Zone,40.897932025294516,-73.85221545370123,40.897932025294516 -73.85221545370123,40.897932025294516,-73.85221545370123
260,Queens,Woodside,Boro Zone,40.74423471780134,-73.90630644197891,40.74423471780134 -73.90630644197891,40.74423471780134,-73.90630644197891
261,Manhattan,World Trade Center,Yellow Zone,40.70913894067164,-74.01302277174901,40.70913894067164 -74.01302277174901,40.70913894067164,-74.01302277174901
262,Manhattan,Yorkville East,Yellow Zone,40.77593240314976,-73.94651035601464,40.77593240314976 -73.94651035601464,40.77593240314976,-73.94651035601464
263,Manhattan,Yorkville West,Yellow Zone,40.77876585543422,-73.95100987481806,40.77876585543422 -73.95100987481806,40.77876585543422,-73.95100987481806
264,Unknown,NV,N/A,null,null,null,null,null
265,Unknown,NA,N/A,null,null,null,null,null
